Price,Boat Type,Manufacturer,Model,Type,Year Built,Condition,Length,Width,Cert Number of People,Number of Cabins,Number of beds,Number of Bathrooms,Material,Fresh Water Cap,Engine,Fuel Capacity,Fuel Type,Engine Hours,Location,Advertisement Date,Number of views last 7 days
"EUR 8.500,-","Deck Boat,Pilothouse,Sport Boat",,Aluminium Kajütboot,", ,, ,Used boat,Unleaded",1998,to be done up,7.90 m,2.50 m,4,1,3,,Aluminium,205 l,Volvo Penta,230 l,Unleaded,385 h,Germany » Mosel » Zell (Mosel),15.06.2020,738
"EUR 10.000,-","Cabin Boat,Trawler",Werner power boats,ehemals Polizeiboot,", ,Used boat,Diesel",1940,good,12.50 m,2.50 m,6,1,1,1,Steel,40 l,Sole Diesel,200 l,Diesel,1350 h,Germany » Brandenburg » Zehdenick,02.06.2020,900
"EUR 12.000,-",Cabin Boat,Wiking power boats,21,"Used boat,Diesel",1979,well-groomed,6.50 m,2.20 m,7,1,,,GRP,60 l,Volvo Penta MD2030,80 l,Diesel,1330 h,Germany » Berlin » 12527,11.07.2020,327
"CHF 14.800,-","Cabin Boat,Sport Boat",Windy power boats,23 Fc,", ,Used boat,Unleaded",1984,well-groomed,7.05 m,2.50 m,8,1,,,GRP,100 l,Mercruiser 228,300 l,Unleaded,1300 h,Switzerland » Finstersee,22.06.2020,436
"EUR 15.500,-","Motor Yacht,Sport Boat",Scand power boats,Dynamic86,", ,Used boat,Unleaded",1993,good,9.20 m,2.98 m,7,1,,1,GRP,100 l,"Volvo Penta 5,7",340 l,Unleaded,884 h,Austria » Donau » 4082 Aschach an der Donau,07.06.2020,236
"EUR 16.900,-","Cabin Boat,Sport Boat",Fairline power boats,"26""",", ,Used boat,Unleaded",1985,well-groomed,8.04 m,3.06 m,4,1,1,1,GRP,80 l,"Volvo Penta V8 5,7i",270 l,Unleaded,600 h,Germany » Baden-Württemberg » 68794 Oberhausen-Rheinhausen,30.05.2020,405
"EUR 18.700,-",Sport Boat,Nor-Dan power boats,6100,"Used boat,Unleaded",1990,well-groomed,6.50 m,2.40 m,8,1,1,,GRP,60 l,Volvo Penta 6 Zyl. Innenborder,100 l,Unleaded,543 h,Germany » Baden-Württemberg » Speyer,14.07.2020,254
"EUR 18.600,-",Pilothouse,,Kornat 700,"Used boat,Diesel",1985,good,7.00 m,2.60 m,5,1,,,GRP,160 l,Neu - VETUS 4 Zylinder,160 l,Diesel,295 h,Croatia (Hrvatska) » Silo,16.07.2020,387
"CHF 22.000,-",Cabin Boat,Saga power boats,27 C,"Used boat,Diesel",1978,well-groomed,8.12 m,2.75 m,10,1,1,1,GRP,150 l,Perkins 4.108,150 l,Diesel,2300 h,Switzerland » Bielersee » La Neuveville/BE,01.06.2020,593
"CHF 21.900,-",Trawler,,Jäger Venema,"Used boat,Diesel",1972,very good,7.80 m,2.60 m,8,2,1,1,Steel,100 l,Daimler Benz OM636,100 l,Diesel,950 h,Switzerland » Lake of Zurich » Pfäffikon/SZ,28.06.2020,319
"CHF 25.990,-",Sport Boat,Faeton power boats,730 Sport,"Used boat,Unleaded",2006,well-groomed,7.30 m,2.75 m,8,1,1,,GRP,60 l,Volvo Penta GSX V6 235 PS,300 l,Unleaded,390 h,Switzerland » Lago Maggiore » Vira,15.07.2020,485
"EUR 24.900,-","Motor Yacht,Sport Boat,Trawler",Sea Ray power boats,290,", ,, ,Used boat,Unleaded",1996,very good,8.90 m,2.90 m,10,,2,1,GRP,200 l,2 x 220 HP / 162 kW,500 l,Unleaded,300 h,Italy » Toscana » grosseto,31.05.2020,605
"CHF 28.000,-","Cabin Boat,Motor Yacht",Sea Ray power boats,Motorboot SEA RAY 250 DA,", ,Used boat,Unleaded",1996,well-groomed,8.05 m,2.59 m,10,1,4,1,Plastic,75 l,Mercruiser 5.7 LX Bravo 3,265 l,Unleaded,812 h,Switzerland » Lake of Zurich » Zürichsee/Obersee,20.07.2020,1'136
"CHF 29.500,-",Hardtop,Bella power boats,652,"Used boat,Diesel",2002,very good,6.30 m,2.25 m,6,1,1,,Plastic,50 l,Volvo Penta TAMD 31 P DuoProp,150 l,Diesel,450 h,Switzerland » Lake of Zurich » Bäch,09.07.2020,973
"EUR 28.500,-",Motor Yacht,Larson power boats,Cabrio 290 MC,"Used boat,Unleaded",1998,well-groomed,8.83 m,3.04 m,10,2,4,1,GRP,100 l,2 x Volvo Penta,250 l,Unleaded,695 h,Germany » Müritz » Rechlin,03.07.2020,241
"EUR 29.800,-",Sport Boat,Nidelv power boats,610 Sport,"Used boat,Unleaded",2005,very good,6.26 m,2.30 m,7,1,,,GRP,43 l,"Volvo Penta 4,3 GXI (Permission for Lake of Constance)",170 l,Unleaded,550 h,Germany » Hamburg » HAmburg-Finkenwerder,19.07.2020,622
"EUR 30.000,-",Cabin Boat,Jeanneau power boats,LEADER 805,"Used boat,Unleaded",2002,good,9.00 m,3.00 m,7,2,2,1,GRP,100 l,VOLVO PENTA,400 l,Unleaded,900 h,Italy » Veneto » Marina di Chioggia,29.06.2020,234
"CHF 33.000,-",Cabin Boat,Hollandia power boats,Cruiser cabine,"Used boat,Diesel",1991,well-groomed,10.30 m,3.30 m,12,2,7,1,Steel,150 l,Volvo diesel MD 41,200 l,Diesel,1850 h,Switzerland » Neuenburgersee » rive sud Neuchâtel,06.07.2020,576
"CHF 33.000,-",Motor Yacht,Regal power boats,Ambassador 255 XL,"Used boat,Unleaded",1989,very good,8.50 m,2.55 m,9,2,5,1,GRP,100 l,MerCruiser 350 MAG BPI ECT DTS (Permission for Lake of Constance),250 l,Unleaded,150 h,Lake Constance » Altenrhein,10.07.2020,1'033
"EUR 32.000,-",Sport Boat,Bayliner power boats,2359,"Used boat,Diesel",1995,as new,7.00 m,2.59 m,6,2,2,,Carbon Fiber,200 l,VOLVO PENTA D3 200CV,300 l,Diesel,60 h,Spain » Costa Norte (Galicia) » NO TIENE,04.07.2020,150
"EUR 31.900,-",Sport Boat,Larson power boats,220 cabrio,"Used boat,Unleaded",2001,as new,6.70 m,2.50 m,12,1,,,Plastic,50 l,1 x 220 HP / 162 kW,220 l,Unleaded,218 h,Germany » Rheinland-Pfalz » Koblenz,06.06.2020,225
"EUR 32.500,-",Sport Boat,Sea Ray power boats,270/290 DA,"Used boat,Unleaded",1991,well-groomed,9.95 m,2.74 m,6,2,6,1,GRP,120 l,2 x Mercruiser V6,400 l,Unleaded,1183 h,Germany » Berlin,15.06.2020,396
"EUR 33.000,-","Pilothouse,Sport Boat",Arvor power boats,230,", ,Used boat,Diesel",2012,well-groomed,7.30 m,2.78 m,6,1,2,,GRP,100 l,MERCRUISER QSD 2.0,135 l,Diesel,900 h,Stralsund,24.06.2020,267
"EUR 33.000,-","Cabin Boat,Motor Yacht",Coverline power boats,830,", ,Used boat,Diesel",2004,well-groomed,8.39 m,2.39 m,8,2,4,1,GRP,70 l,Mercruiser 1.7 dti,200 l,Diesel,660 h,Austria » Greece / Chalkidiki,07.07.2020,403
"CHF 38.000,-",Sport Boat,Colombo power boats,Super Indios 22,"Used boat,Unleaded",2004,very good,6.94 m,2.27 m,8,,1,,GRP,50 l,Volvo Penta,125 l,Unleaded,425 h,Switzerland » Vierwaldstättersee » Beckenried,15.07.2020,915
"CHF 39.000,-",Cabin Boat,Windy power boats,7800,"Used boat,Unleaded",1992,very good,7.80 m,2.50 m,8,1,,,GRP,75 l,"Mercruiser /7,4 L /kw 224",300 l,Unleaded,1050 h,Switzerland » Thunersee » Faulensee,16.07.2020,309
"CHF 39.900,-",Sport Boat,Scout Boats power boats,Scout 225 XSF,"Used boat,Unleaded",2012,very good,6.80 m,2.59 m,8,,,1,GRP,60 l,Yamaha F225FETX,378 l,Unleaded,150 h,Lake Geneva » Genève,06.06.2020,199
"CHF 40.000,-",Cabin Boat,,Starfischer 780,"Used boat,Diesel",2003,very good,7.15 m,2.95 m,8,1,2,1,Plastic,108 l,140 KW,210 l,Diesel,516 h,Switzerland » Genève,06.07.2020,210
"CHF 42.000,-","Cabin Boat,Sport Boat",Chaparral power boats,2850 sx sport,", ,Used boat,Unleaded",1993,very good,8.50 m,2.75 m,8,1,3,1,Plastic,150 l,Mercruiser magnum,300 l,Unleaded,700 h,Switzerland » Neuenburgersee » Yvonand,07.06.2020,462
"EUR 42.300,-",Cabin Boat,Sea Ray power boats,260 Sundancer,"Used boat,Unleaded",2003,well-groomed,8.20 m,2.57 m,10,1,1,1,GRP,300 l,"MerCruiser 5,7 MPI",300 l,Unleaded,230 h,Germany » Soltau,11.06.2020,491
"EUR 43.000,-",Motor Yacht,Bayliner power boats,3055 Ciera,"Used boat,Diesel",1999,good,10.20 m,3.41 m,12,2,2,1,GRP,130 l,Steyer,500 l,Diesel,500 h,Croatia (Hrvatska) » Porec,24.06.2020,704
"CHF 48.500,-",Motor Yacht,Doral power boats,250SE,"Used boat,Unleaded",2000,very good,7.66 m,2.61 m,8,2,4,1,GRP,114 l,Volvo Penta 5.7 GSI Duo Prop,246 l,Unleaded,553 h,Switzerland » Lake of Zurich » Schmerikon,28.06.2020,575
"DKK 350.000,-","Classic,Motor Yacht,Passenger boat",Tresfjord power boats,Nova 31,", ,, ,Used boat,Diesel",1985,very good,10.00 m,3.50 m,10,2,4,1,GRP,400 l,Volvo Penta,375 l,Diesel,2700 h,Denmark » Mitteljütland » Ebeltoft,15.07.2020,272
"EUR 48.000,-",Motor Yacht,Maxum power boats,2600 se,"Used boat,Unleaded",2006,well-groomed,8.25 m,2.60 m,9,,,,Plastic,200 l,Mercruiser 5.0,320 l,Unleaded,428 h,"België, Zulte",16.07.2020,366
"EUR 49.000,-",Trawler,de Ruiter power boats,Spiegelheckkutter Ostseestar,"Used boat,Diesel",1979,well-groomed,12.50 m,3.80 m,4,2,6,1,Steel,700 l,Daff Turbo Diesel,700 l,Diesel,1400 h,Germany » Nordrhein-Westfalen » Düsseldorf,12.06.2020,352
"EUR 49.000,-","Offshore Boat,Pilothouse",Pursuit power boats,3070 offshore,", ,Used boat,Unleaded",2005,very good,9.17 m,3.20 m,10,1,2,1,GRP,200 l,2 x 250 Yamaha,750 l,Unleaded,875 h,Italy » Sardegna » Santa Teresa Gallura,28.06.2020,194
"EUR 49.900,-",Pilothouse,Jeanneau power boats,Merry Fisher 695,"Used boat,Unleaded",2019,as new,6.95 m,2.54 m,8,1,5,1,Plastic,40 l,Suzuki DF175APL,190 l,Unleaded,26 h,Hungary » Budapest,22.06.2020,158
"EUR 49.999,-",Bowrider,Sea Ray power boats,290 Sundeck,"Used boat,Gas",2008,very good,8.80 m,2.74 m,12,1,,,,90 l,Mercruiser 496 mag con bravo 3,350 l,Gas,630 h,Spain » Baleares » PORTO ADRIANO,10.06.2020,243
"EUR 49.950,-",Sport Boat,Cobalt power boats,263 Mercruiser 496 MAG HO - 450 PS,"Used boat,Unleaded",2002,very good,8.17 m,2.62 m,6,1,2,,GRP,37 l,Mercruiser 496 MAG HO,265 l,Unleaded,289 h,Rügen,25.06.2020,388
"EUR 55.000,-",Trawler,Inter power boats,7700,"Used boat,Diesel",2004,very good,7.70 m,2.70 m,10,1,1,1,GRP,100 l,Yanmar,100 l,Diesel,960 h,Germany » Berlin » Konradshöhe,07.07.2020,183
"CHF 62.000,-",Sport Boat,Cobalt power boats,262,"Used boat,Unleaded",2007,very good,8.13 m,2.59 m,8,,,1,GRP,37 l,"Volvo Penta 8.1L, GP-Marine BSO2 (Permission for Lake of Constance)",265 l,Unleaded,487 h,Switzerland » Lake Constance » Gottlieben,09.07.2020,672
"CHF 62.000,-",Cabin Boat,Seaco power boats,950,"Used boat,Unleaded",1997,well-groomed,9.48 m,2.95 m,10,1,1,1,GRP,165 l,"1 x Volvo Penta 5,7Gi DP",350 l,Unleaded,1020 h,Switzerland » Lake of Zurich » Pfäffikon SZ,18.07.2020,350
"EUR 58.000,-",Trawler,De Boarnstream power boats,Boorncruiser 35 Fly New Line,"Used boat,Diesel",1991,very good,10.40 m,3.60 m,6,3,7,1,Steel,300 l,Volvo Penta,300 l,Diesel,1600 h,Germany » Hamburg » Allermöhe,08.05.2020,255
"EUR 59.500,-",Sport Boat,Europe Marine power boats,Viper,"Used boat,Unleaded",2013,as new,7.25 m,2.53 m,7,1,2,1,GRP,42 l,Mercruiser 5.0 MPI,225 l,Unleaded,100 h,Germany » Baden-Württemberg » 74889,08.07.2020,184
"EUR 59.500,-",Motor Yacht,Doral power boats,270 SC Diesel,"Used boat,Diesel",1999,well-groomed,8.25 m,2.59 m,8,2,4,1,GRP,114 l,"4,2l D-Tronic (Permission for Lake of Constance)",378 l,Diesel,740 h,Lake Constance » Sipplingen,10.07.2020,598
"CHF 69.000,-",Sport Boat,Crownline power boats,275CCR,"Used boat,Unleaded",2006,very good,8.74 m,2.59 m,8,1,2,1,GRP,56 l,Mercruiser 496 MAG/HO,291 l,Unleaded,485 h,Switzerland » 4WaldStSee,16.07.2020,372
"EUR 65.000,-","Classic,Motor Yacht",Colombo power boats,36,", ,Used boat,Diesel",1991,well-groomed,10.80 m,3.15 m,8,1,4,1,GRP,200 l,2*volvo penta diesel,400 l,Diesel,1300 h,Italy » Lombardia - Trentino Alto Adige » Domaso,07.07.2020,331
"EUR 65.000,-",Motor Yacht,Sunseeker power boats,Mustique 42,"Used boat,Diesel",1993,very good,12.80 m,4.00 m,14,3,6,2,GRP,350 l,CAT,1000 l,Diesel,1100 h,Austria » Kroatien,15.07.2020,685
"EUR 65.000,-",Motor Yacht,Bavaria power boats,SPORT 300,"Used boat,Unleaded",2015,very good,9.31 m,2.99 m,8,2,4,1,GRP,120 l,VOLVO,520 l,Unleaded,500 h,Spain » Mallorca » Puerto Portals,20.07.2020,744
"EUR 68.600,-",Flybridge,Galeon power boats,280 Fly,"Used boat,Diesel",1999,very good,8.86 m,3.00 m,6,2,6,1,GRP,200 l,Volvo Penta KAD 43,350 l,Diesel,1290 h,Beilngries,13.05.2020,190
"EUR 70.000,-",Cabin Boat,Capelli power boats,Cap 32 wa,"Used boat,Unleaded",2009,very good,9.60 m,3.00 m,10,1,4,1,GRP,200 l,evinrude 25 e-tec,500 l,Unleaded,600 h,Italy » Liguria » LA SPEZIA,09.07.2020,147
"EUR 73.000,-",Sport Boat,Pro-Line power boats,32 EXPRESS,"Used boat,Unleaded",2007,very good,9.86 m,3.30 m,8,1,2,1,GRP,150 l,EVINRUDE,1140 l,Unleaded,220 h,Italy » Friuli Venezia Giulia » Lignano,02.07.2020,49
"CHF 80.000,-","Flybridge,Motor Yacht",Condor Yachting power boats,123S,", ,Used boat,Diesel",1988,well-groomed,12.00 m,3.55 m,12,3,7,3,Steel,1000 l,"Volvo 6 Zyl., 145 PS",710 l,Diesel,1800 h,Switzerland » Lake of Zurich » Zürich,24.05.2020,422
"EUR 75.000,-","Classic,Working Boat",,Rapsody Egemar,", ,Used boat,Diesel",2002,as new,8.75 m,2.40 m,10,1,2,1,Wood,200 l,YANMAR,100 l,Diesel,460 h,Italy » Veneto » venezia,19.06.2020,183
"EUR 75.000,-",Motor Yacht,Apreamare power boats,Aprea 10 Cabin,"Used boat,Diesel",2004,very good,9.60 m,3.30 m,8,1,2,1,GRP,400 l,2,700 l,Diesel,600 h,Italy » porto santo stefano,05.07.2020,434
"EUR 75.000,-","Cabin Boat,Sport Boat",Bella power boats,Falcon 26 Fantino,", ,Used boat,Diesel",2002,very good,8.17 m,2.60 m,6,1,1,1,GRP,60 l,Volvo Penta Diesel KAMD 300,230 l,Diesel,1200 h,Germany » Niedersachsen » Bispingen,09.07.2020,186
"EUR 79.900,-",Pilothouse,Arvor power boats,280 AS Deluxe,"Used boat,Diesel",2012,as new,8.60 m,2.96 m,9,1,2,,GRP,120 l,Mercruiser Cummins,400 l,Diesel,550 h,Sweden » Baltic sea,14.07.2020,221
"DKK 625.000,-",Flybridge,Viksund power boats,290/310 fly,"Used boat,Diesel",2000,very good,9.45 m,3.20 m,7,2,5,1,GRP,150 l,volvo kad 44 edc kompressor,400 l,Diesel,600 h,Denmark » Seeland » øst sjælland,28.06.2020,290
"CHF 95.000,-",Motor Yacht,Four Winns power boats,298 Vista,"Used boat,Unleaded",2003,very good,9.50 m,3.20 m,10,2,4,1,GRP,113 l,Volvo Penta 4.3GI,529 l,Unleaded,330 h,Switzerland » Bielersee » Le Landeron,02.06.2020,471
"CHF 95.000,-",Motor Yacht,Windy power boats,Mistral 33,"Used boat,Unleaded",1994,very good,9.90 m,3.45 m,12,1,1,1,GRP,350 l,"2 Volvo Penta 5,7 GIA-PMDA",480 l,Unleaded,1050 h,Switzerland » Solothurn,01.07.2020,1'319
"EUR 89.900,-",Cabin Boat,Quicksilver power boats,855 active weekend cruiser,"Used boat,Diesel",2015,very good,9.02 m,2.98 m,10,3,6,1,GRP,100 l,MerCruiser QSD 3.0 L TDI Bi-Turbo,400 l,Diesel,229 h,Travemünde,03.07.2020,1'014
"EUR 95.000,-","Sport Boat,Wakeboard/Wakesurf,Water ski",Tony Giugliano power boats,Amalfi 27,", ,, ,Used boat,Unleaded",2011,very good,8.25 m,2.56 m,8,1,1,,GRP,90 l,Volvo Penta,200 l,Unleaded,380 h,Germany » Bayern » 80638,20.07.2020,801
"CHF 105.000,-",Sport Boat,,2550 Regal,"Used boat,Unleaded",2017,as new,8.00 m,2.60 m,8,,,,GRP,100 l,Volvo Penta V 8 300 C,257 l,Unleaded,110 h,Switzerland » Altendorf,13.07.2020,517
"EUR 105.000,-",Center console boat,,Dromeas D 28 cc,"Used boat,Unleaded",2020,as new,8.25 m,2.60 m,8,,,1,GRP,80 l,Mercury Verado 300,360 l,Unleaded,20 h,Italy » Roma,16.07.2020,200
"DKK 825.000,-",Flybridge,Princess power boats,480,"Used boat,Diesel",1996,well-groomed,14.95 m,4.30 m,12,3,8,2,GRP,1200 l,Caterpillar,1500 l,Diesel,2100 h,Denmark » Mitteljütland » Jylland,24.05.2020,961
"CHF 119.000,-",Cabin Boat,Stama power boats,"37""","Used boat,Diesel",2009,very good,12.00 m,3.60 m,12,2,2,2,Plastic,280 l,2x Volvo Penta D4-300A,900 l,Diesel,708 h,Switzerland » Murtensee » Vallamand,25.06.2020,1'414
"EUR 115.000,-",House Boat,,Apollo,"Used boat,Unleaded",2019,as new,10.00 m,3.50 m,12,1,4,1,,400 l,Mercury,98 l,Unleaded,3 h,Germany » Hessen » Rüdesheim,08.07.2020,539
"EUR 115.000,-",Cabin Boat,Gobbi power boats,375 SC,"Used boat,Diesel",2001,very good,11.70 m,3.86 m,12,2,6,1,GRP,150 l,2 x Mercruiser Diesel D 4.2 L,700 l,Diesel,800 h,Germany » Lake Constance » Bodman,17.07.2020,478
"EUR 120.000,-",Trawler,Ecoline power boats,ECO 900 ELECTRIC BIMOTOR,"Used boat,Electric",2019,as new,9.14 m,2.40 m,12,,,,GRP,50 l,N° 02 HURACAN ASL.15.17.0003 – ASL.15.17.0004,100 l,Electric,50 h,Italy » Lombardia - Trentino Alto Adige » Sarnico,14.05.2020,149
"EUR 124.900,-",Motor Yacht,Grandezza power boats,27OC,"Used boat,Diesel",2014,very good,8.30 m,2.85 m,8,2,4,1,GRP,74 l,Volvo Penta D4-260 DPH EVC-EC,265 l,Diesel,1300 h,Croatia (Hrvatska) » Dalmatien,08.06.2020,255
"EUR 124.900,-",Motor Yacht,Sealine power boats,420 Fly /Statesman,"Used boat,Diesel",1994,very good,13.00 m,4.16 m,6,2,6,2,GRP,450 l,Volvo Penta,1050 l,Diesel,1700 h,Germany » Ostsee » Lübecker Bucht,11.06.2020,291
"EUR 139.000,-","Cabin Boat,Hardtop,Trawler",Greenline power boats,33,", ,, ,Used boat,Diesel",2013,very good,9.99 m,3.47 m,8,1,2,1,GRP,300 l,D2 Volvo-Penta,500 l,Diesel,595 h,Germany » Berlin » Berlin,03.07.2020,506
"EUR 139.000,-","Motor Yacht,Sport Boat",Bavaria power boats,42 Sport,", ,Used boat,Diesel",2006,well-groomed,12.95 m,4.28 m,12,2,4,2,GRP,200 l,Volvo Penta D6,1500 l,Diesel,380 h,Italien,14.07.2020,439
"EUR 139.900,-","Motor Yacht,Sport Boat",Bavaria power boats,37 Sport,", ,Used boat,Diesel",2008,very good,11.95 m,3.99 m,12,2,5,1,GRP,300 l,Volvo Penta D4,500 l,Diesel,379 h,Germany » Ostsee » Ostsee,07.07.2020,173
"EUR 149.000,-",Motor Yacht,Princess power boats,V42,"Used boat,Diesel",2001,well-groomed,13.15 m,3.73 m,12,2,4,1,GRP,333 l,2x Volvo Penta Kad 44 EDC,800 l,Diesel,10 h,France » Côte d'Azur » Menton,26.05.2020,208
"EUR 169.000,-",Motor Yacht,Delphia power boats,Escape 1100 Soley,"Used boat,Diesel",2016,as new,10.80 m,3.45 m,8,3,4,1,GRP,300 l,Volvo Penta,600 l,Diesel,190 h,Germany » Mosel » 54516,01.07.2020,357
"EUR 180.000,-",Flybridge,Gianetti power boats,60 FLY,"Used boat,Diesel",1998,very good,17.90 m,4.70 m,12,3,6,3,GRP,800 l,MAN,3000 l,Diesel,1000 h,Italy » Liguria » La Spezia,08.06.2020,212
"EUR 195.000,-","Classic,House Boat,Motor Yacht",,"Pilot Boat, Houseboat, Knud E. Hansen",", ,, ,Used boat,Diesel",1967,very good,22.00 m,5.80 m,10,5,10,1,Steel,2000 l,Detroit 16V71,6000 l,Diesel,2100 h,Germany » Bremen » Bremerhaven,15.06.2020,394
"EUR 199.999,-",Cabin Boat,Sunseeker power boats,Portofino 46,"Used boat,Diesel",2004,very good,14.76 m,4.20 m,12,2,,2,Plastic,300 l,Volvo TAMD75 EVC,1310 l,Diesel,990 h,Croatia (Hrvatska) » Split,03.07.2020,1'230
"EUR 220.000,-",Cabin Boat,Sunseeker power boats,Portofino 46,"Used boat,Diesel",2004,very good,14.76 m,4.20 m,12,2,4,2,,375 l,2 x VOLVO TAMD 75P 480 HP,1300 l,Diesel,580 h,France » Côte d'Azur » Golfe Juan,03.07.2020,869
"EUR 265.000,-","Hardtop,Mega Yacht,Motor Yacht",Bavaria power boats,S 40 HT,", ,, ,Used boat,Unleaded",2017,very good,13.29 m,3.99 m,12,2,4,1,GRP,250 l,Mercruiser 2 x 6.2L -350 AXIUS PREMIUM JOYSTICK,750 l,Unleaded,100 h,Germany » Brandenburg » Werder,31.05.2020,379
"EUR 275.000,-",Motor Yacht,Azimut power boats,46 Evolution,"Used boat,Diesel",2007,as new,14.93 m,4.36 m,12,2,2,2,GRP,500 l,Caterpillar C9,1700 l,Diesel,240 h,Austria » Kroatien,15.07.2020,197
"CHF 300.000,-",Runabout,Frauscher power boats,1017 GT,"Used boat,Unleaded",2019,as new,9.99 m,2.92 m,8,1,,,GRP,50 l,"Mercruiser V8 6,2l MPI EC",520 l,Unleaded,95 h,Switzerland » Lago Maggiore » Ascona,28.06.2020,603
Price on request,Motor Yacht,Euroship power boats,classic kotter OK 13.50,"Used boat,Diesel",2009,well-groomed,13.85 m,4.46 m,10,2,2,1,Steel,810 l,IVECON N69 NMA M15.30 150 PK,1900 l,Diesel,2980 h,Netherlands » Südholland » Numansdorp,01.06.2020,191
"EUR 350.000,-",Motor Yacht,Bavaria power boats,S 40 HT,"Used boat,Unleaded",2018,as new,13.29 m,3.99 m,8,2,4,1,GRP,250 l,"2 x Meruiser 6,2 L. MPI a 261 kw (355 PS) Benzin",950 l,Unleaded,100 h,Germany » Brandenburg » Brandenburg,04.07.2020,276
"EUR 374.500,-",Motor Yacht,Regal power boats,35 SPORT COUPE,"Used boat,Unleaded",2018,as new,11.23 m,3.45 m,9,1,6,1,GRP,189 l,2 x Volvo Penta V( 350 EVC Catalysator,598 l,Unleaded,130 h,Germany » Mosel » Mosel,26.06.2020,204
"EUR 430.000,-",Motor Yacht,Jeanneau power boats,NC 14,"Used boat,Diesel",2017,very good,13.93 m,4.10 m,12,2,4,1,GRP,412 l,2x Volvo Penta IPS 500,900 l,Diesel,180 h,Germany » Lübecker Bucht » Neustadt in Holstein,13.07.2020,301
"EUR 1.020.000,-",Flybridge,Jeanneau power boats,Prestige 620 Fly,"Used boat,Diesel",2016,as new,19.50 m,5.10 m,14,4,8,3,GRP,710 l,2xVolvo Penta IPS 950,2700 l,Diesel,500 h,Croatia (Hrvatska) » Croatia Seget,14.07.2020,869
Price on request,Motor Yacht,Linssen power boats,Grand Sturdy 380 Sedan,"Used boat,Diesel",2005,as new,11.49 m,3.81 m,10,2,2,1,Steel,440 l,Deutz DT 44 (Permission for Lake of Constance),900 l,Diesel,165 h,Switzerland » Lake Constance » Gottlieben,15.07.2020,854
"EUR 6.950.000,-",Mega Yacht,,Swiftship 153,"Used boat,Diesel",1998,very good,47.00 m,9.00 m,12,5,7,6,Aluminium,10000 l,C32,60000 l,Diesel,1100 h,Italy » Loano,15.05.2020,597
"CHF 950.000,-",Classic,Sunseeker power boats,Manhattan 55,"Used boat,Diesel",2014,very good,15.85 m,4.70 m,12,3,7,3,GRP,660 l,2x Volvo Penta / IPS 900,2200 l,Diesel,302 h,Switzerland » Lago Maggiore » Minusio,17.07.2020,912
"EUR 795.000,-",Motor Yacht,,LRC58,"Used boat,Diesel",2017,as new,17.60 m,4.00 m,6,1,5,1,Aluminium,1100 l,Beta Marine,3000 l,Diesel,600 h,Netherlands » Friesland » Harlingen,29.06.2020,181
"EUR 629.000,-",Flybridge,Azimut power boats,74 Solar,"Used boat,Diesel",2004,very good,22.85 m,5.51 m,12,4,8,4,GRP,1200 l,MTU,5300 l,Diesel,1300 h,Croatia (Hrvatska) » Kroatien,06.07.2020,310
"EUR 495.000,-",Motor Yacht,Aquanaut power boats,Global voyager,"Used boat,Diesel",2016,as new,15.00 m,3.78 m,4,2,4,1,Steel,800 l,Perkins 225. Hp,1200 l,Diesel,380 h,Belgium » Zuid Nederlnd,02.07.2020,199
"EUR 460.000,-",Flybridge,Azimut power boats,62 Fly Evo- Model 2007,"Used boat,Diesel",2007,well-groomed,19.22 m,5.06 m,12,4,8,4,GRP,1000 l,Caterpillar C18,4000 l,Diesel,500 h,Italy » Friuli Venezia Giulia » Lignano,06.04.2020,333
"EUR 440.000,-","Cabin Boat,Motor Yacht,Offshore Boat",Performance power boats,1307,", ,, ,Used boat,Unleaded",2013,very good,13.33 m,3.40 m,12,2,6,2,GRP,230 l,Mercruiser,1300 l,Unleaded,330 h,Italy » Lake Garda » Gardasee,18.04.2020,345
"EUR 359.000,-","Hardtop,Motor Yacht",Fairline power boats,Targa 52 GT,", ,Used boat,Diesel",2006,very good,16.22 m,4.27 m,6,3,,2,,455 l,Volvo Penta D12 800 EVC 2x,1820 l,Diesel,540 h,Netherlands » Gelderland » Zeewolde,07.07.2020,211
"CHF 379.500,-",Hardtop,Galeon power boats,365 HTS,"Used boat,Diesel",2017,as new,11.37 m,3.43 m,8,2,4,2,GRP,350 l,Volvo Dç-260 EVC,800 l,Diesel,90 h,Switzerland » Vierwaldstättersee » Vierwaldstättersee,22.06.2020,481
"EUR 329.000,-",Motor Yacht,Fairline power boats,Squadron 42,"Used boat,Diesel",2013,as new,12.63 m,4.22 m,12,3,4,2,GRP,470 l,Volvo Penta,996 l,Diesel,114 h,France » Antibes (France) » South of France,08.07.2020,110
"CHF 350.000,-","Hardtop,Motor Yacht",Bénéteau power boats,GRAN TURISMO GT 44 SPECIALE,", ,Used boat,Diesel",2016,very good,13.15 m,3.96 m,12,2,7,2,GRP,400 l,2x Volvo Penta D6-370,900 l,Diesel,190 h,Switzerland » Lake Geneva » Vevey,25.06.2020,1'780
"EUR 310.000,-","Center console boat,Classic",Sessa power boats,C 52,", ,Used boat,Diesel",2008,very good,16.00 m,4.50 m,10,3,,2,GRP,1000 l,2 VOLVO PENTA,2000 l,Diesel,700 h,Italy » Veneto » adriatico settentrionale,17.06.2020,272
"CHF 325.000,-",Motor Yacht,Nimbus power boats,365 Coupé,"Used boat,Diesel",2017,as new,11.33 m,3.50 m,8,2,4,1,GRP,270 l,Volvo Penta D4 (Permission for Lake of Constance),700 l,Diesel,59 h,Switzerland » Murtensee » Vallamand,15.05.2020,380
"EUR 295.000,-","Cabin Boat,Motor Yacht,Trawler",Greenline power boats,40,", ,, ,Used boat,Diesel",2018,as new,11.99 m,4.25 m,12,2,4,1,GRP,800 l,2 x Volvo D3 220HP,700 l,Diesel,385 h,Slovenia » Portoroz,08.06.2020,206
"EUR 295.000,-",Flybridge,Azimut power boats,58 full,"Used boat,Diesel",1999,very good,18.00 m,5.50 m,8,3,4,4,GRP,800 l,MTU,3000 l,Diesel,2200 h,Italy » Veneto » Italien,22.06.2020,314
"EUR 292.000,-",Motor Yacht,Rapsody power boats,Egemar,"Used boat,Diesel",2002,very good,15.50 m,4.10 m,10,3,5,2,GRP,500 l,2 x Yanmar 6LY2A-STP,1500 l,Diesel,610 h,Ostsee » Naantali,26.05.2020,162
"CHF 315.000,-","Bowrider,Motor Yacht,Wakeboard/Wakesurf",Sea Ray power boats,350 SLX,", ,, ,Used boat,Unleaded",2017,very good,10.50 m,3.20 m,18,1,1,1,GRP,113 l,2 x 350 HP / 257 kW,650 l,Unleaded,190 h,Switzerland » Lake of Zurich » Zürichsee,05.06.2020,508
"SEK 2.990.000,-",Classic,J Craft power boats,38 Powerboat,"Used boat,Diesel",2001,as new,11.52 m,3.50 m,8,2,4,1,GRP,400 l,Yanmar 6ly2m-ste,1000 l,Diesel,1500 h,Sweden » Nordsee » Gothenburg,14.07.2020,1'086
"EUR 280.000,-",Sport Boat,Baja power boats,442,"Used boat,Unleaded",2001,very good,13.43 m,2.90 m,8,1,2,1,Plastic,300 l,3 x 500 EFI,1100 l,Unleaded,320 h,Latvia » riga,04.07.2020,241
"CHF 300.000,-",House Boat,Altena power boats,50 Excell DS,"Used boat,Diesel",2002,very good,15.30 m,4.40 m,16,2,4,2,Steel,860 l,Deutz DT64,2360 l,Diesel,900 h,Switzerland » Neuenburgersee » Cheyres,01.06.2020,525
"CHF 295.000,-",Flybridge,Astondoa power boats,46,"Used boat,Diesel",2003,very good,13.90 m,4.30 m,8,3,,2,GRP,500 l,2,1500 l,Diesel,720 h,Switzerland » Locarno,22.06.2020,408
"CHF 295.000,-",Motor Yacht,Fairline power boats,Phantom 50,"Used boat,Diesel",2006,very good,15.79 m,4.50 m,14,3,6,2,GRP,558 l,Volvo Penta D12-675,1980 l,Diesel,340 h,Switzerland » Lake of Zurich » Schmerikon,17.07.2020,1'107
"EUR 269.000,-",Flybridge,Galeon power boats,380 Fly,"Used boat,Diesel",2012,well-groomed,11.98 m,3.75 m,8,3,5,2,GRP,500 l,2 x Volvo Penta 330 D (Permission for Lake of Constance),1000 l,Diesel,400 h,Germany » Rhein » Hessen,20.07.2020,408
"EUR 260.000,-",Motor Yacht,Uniesse power boats,48 open,"Used boat,Diesel",2003,as new,14.67 m,4.62 m,6,3,,1,,600 l,MAN D2876 LE 401 2 x 700,2200 l,Diesel,1200 h,Italy » Sardegna » Sardegna,07.07.2020,133
"EUR 254.000,-",Motor Yacht,Storebro power boats,Commander 410,"Used boat,Diesel",2005,very good,12.50 m,3.90 m,12,2,4,2,GRP,400 l,Volvo D6-370,1000 l,Diesel,1380 h,Germany » Kappeln / Ostsee,18.07.2020,434
"EUR 235.000,-",Motor Yacht,Gruno power boats,Exellent 39 OK,"Used boat,Diesel",2018,as new,11.90 m,3.90 m,8,2,4,2,Steel,350 l,Sole SM105 L,300 l,Diesel,370 h,Greetsile/ Krummhörn,16.07.2020,397
"EUR 234.800,-",Motor Yacht,Sessa power boats,C43,"Used boat,Diesel",2009,very good,13.20 m,3.99 m,12,3,2,2,GRP,340 l,Volvo Penta D6 370hp.IPS500,952 l,Diesel,435 h,France » Côte d'Azur » Cannes,08.07.2020,157
"CHF 250.000,-",Cabin Boat,Aquador power boats,35C,"Used boat,Diesel",2017,well-groomed,10.60 m,3.45 m,10,2,6,1,GRP,250 l,Volvo D6,750 l,Diesel,110 h,Switzerland » Vierwaldstättersee » Hergiswil,07.07.2020,261
"EUR 225.000,-",Motor Yacht,Condor Yachting power boats,Tawler Motorsegler Fock & Hauptsegel,"Used boat,Diesel",1999,very good,17.50 m,5.00 m,12,4,8,3,Steel,2000 l,Perkins 2 x 225 PSe & HV E-Motor 100 PS,5000 l,Diesel,390 h,France » France,09.06.2020,524
"EUR 225.000,-","House Boat,Motor Yacht,Trawler",Hollandia power boats,1400 Tug Trawler,", ,, ,Used boat,Diesel",1998,very good,14.30 m,4.45 m,10,2,4,1,Steel,500 l,Volvo Penta TAMD 41-HA,2100 l,Diesel,2955 h,Sweden » Askersund,13.07.2020,471
"DKK 1.595.000,-",Motor Yacht,Bénéteau power boats,Swift Trawler 42,"Used boat,Diesel",2008,very good,13.60 m,4.25 m,10,2,6,2,GRP,640 l,Volvo D6-310 × 2,1500 l,Diesel,2690 h,Denmark » Süddänemark » Fredericia,21.06.2020,262
"EUR 209.900,-","Cabin Boat,Hardtop,Motor Yacht",Galeon power boats,325 HTS,", ,, ,Used boat,Diesel",2017,very good,10.90 m,3.35 m,2,2,4,1,GRP,215 l,Volvo Penta D4,800 l,Diesel,36 h,Croatia (Hrvatska) » Punat,01.05.2020,141
"EUR 195.000,-",Motor Yacht,Bavaria power boats,Sport 43,"Used boat,Diesel",2011,well-groomed,14.99 m,4.41 m,12,2,4,2,GRP,500 l,2x Volvo Penta D7- 370,1500 l,Diesel,100 h,Germany » Rhein » Koblenz,08.05.2020,334
"EUR 178.000,-","Cabin Boat,Flybridge",Galeon power boats,330 fly,", ,Used boat,Diesel",2008,very good,10.56 m,3.46 m,8,2,5,2,GRP,330 l,2x Volvo-Penta D3-190 DP,720 l,Diesel,820 h,Germany » Brandenburg » Brandenburg -Havel,15.06.2020,190
"CHF 190.000,-","Cabin Boat,Motor Yacht,Sport Boat",Windy power boats,40 Bora,", ,, ,Used boat,Diesel",2003,very good,12.26 m,3.41 m,12,2,6,1,GRP,258 l,2x Mercruiser D4.2L (Permission for Lake of Constance),940 l,Diesel,400 h,Lake Constance » Thal / St.Gallen,04.07.2020,646
"EUR 175.000,-",Motor Yacht,Cranchi power boats,43 Mediterranee,"Used boat,Diesel",2007,as new,14.00 m,4.10 m,12,2,5,2,GRP,300 l,Volvo Penta IPS 600,1100 l,Diesel,990 h,Spain » Ibiza y Formentera » Ibiza Marina Botafoc,07.07.2020,277
"EUR 170.000,-",Motor Yacht,Bavaria power boats,Sport 43 HT absenkbare Plattform,"Used boat,Diesel",2011,well-groomed,14.99 m,4.41 m,9,3,6,2,GRP,410 l,Volvo Penta D6-370,1500 l,Diesel,610 h,Spain » Mallorca » Palma,12.07.2020,404
"EUR 166.000,-",Flybridge,Sealine power boats,F 37,"Used boat,Diesel",2007,as new,11.74 m,3.78 m,10,2,,1,GRP,600 l,2 x Volvo Penta D4-200 BSO2 (Permission for Lake of Constance),800 l,Diesel,450 h,Austria » Fussach,08.06.2020,159
"EUR 165.000,-","Cabin Boat,Motor Yacht,Sport Boat",,LUTHOM SEGE 480,", ,, ,Used boat,Diesel",2007,good,16.00 m,4.20 m,12,5,5,1,Carbon Fiber,1200 l,VOLVO TAMD63P,800 l,Diesel,700 h,Spain » SADA,25.06.2020,565
"EUR 164.000,-",Motor Yacht,Atlantis power boats,42 XXL,"Used boat,Diesel",2007,well-groomed,12.80 m,4.10 m,10,2,2,2,GRP,300 l,Volvo D6,800 l,Diesel,365 h,Germany » Baden-Württemberg » Rheinau,15.07.2020,333
"EUR 163.000,-",Motor Yacht,Fairline power boats,Targa 43,"Used boat,Diesel",2000,very good,13.78 m,3.80 m,12,2,4,2,GRP,250 l,2 x Volvo Penta TAMD 74A,1200 l,Diesel,1050 h,Germany » Berlin » Berlin / DE,18.05.2020,229
"EUR 156.000,-",Flybridge,Sealine power boats,F37,"Used boat,Diesel",2006,very good,12.00 m,4.00 m,13,2,,1,GRP,400 l,2 x 260 HP / 191 kW,1000 l,Diesel,152 h,Italy » Gardasee,14.07.2020,469
"EUR 155.000,-",Catamaran,Fountaine Pajot power boats,Highland 35,"Used boat,Diesel",2006,as new,10.35 m,4.40 m,12,2,4,2,GRP,200 l,2 x 110 PS (Permission for Lake of Constance),800 l,Diesel,1800 h,"France » Alsace » Dannemarie, Mulhouse",14.07.2020,410
"CHF 167.000,-",Trawler,Vri-Jon power boats,37'R,"Used boat,Diesel",2001,very good,11.20 m,3.80 m,7,2,5,1,Steel,500 l,Yanmar TD,550 l,Diesel,3700 h,"Switzerland » Lake Geneva » Port Pichette Est, S5",19.06.2020,264
"EUR 154.000,-",Motor Yacht,Cruisers Yachts power boats,460 Express,"Used boat,Diesel",2003,well-groomed,14.20 m,4.20 m,10,3,6,3,GRP,500 l,Volvo Penta TAMD 74EDC,1500 l,Diesel,1800 h,Netherlands » Well Leuker Meer,22.06.2020,140
"EUR 150.000,-",Cabin Boat,Bavaria power boats,33 Sport,"Used boat,Unleaded",2010,very good,10.40 m,3.45 m,8,2,2,1,GRP,120 l,2x 5.7L Volvo Penta GI CE 300 (Permission for Lake of Constance),550 l,Unleaded,330 h,Austria » Lake Constance » Rohrspitz,19.06.2020,383
"EUR 140.000,-",Motor Yacht,Beachcraft power boats,Trawler SK 15,"Used boat,Diesel",1977,well-groomed,14.83 m,4.46 m,12,3,,2,Steel,600 l,2x Dieselmotor Mercedes OM 352,1100 l,Diesel,2480 h,Austria » Donau » Linz,19.05.2020,199
"EUR 135.000,-",Fishing Boat,,Deense Kotter,"Used boat,Diesel",1971,very good,20.50 m,5.30 m,8,2,6,2,Wood,850 l,"Grena langzaam draaiend, volledig gerevideerd",6500 l,Diesel,480 h,Netherlands » Groningen » Delfzijl,10.06.2020,360
"EUR 135.000,-","Cabin Boat,Motor Yacht,Sport Boat",Sea Ray power boats,350 Sundancer,", ,, ,Used boat,Unleaded",2009,very good,11.82 m,3.50 m,12,2,4,1,GRP,151 l,Mercruiser,850 l,Unleaded,250 h,Germany » Hamburg » hamburg,14.07.2020,289
"SEK 1.350.000,-",Hardtop,Prestige Yachts power boats,Prestige 34,"Used boat,Diesel",2009,very good,10.50 m,3.64 m,10,2,4,1,GRP,150 l,Volvo Penta,700 l,Diesel,350 h,Helsingborg,15.07.2020,266
"CHF 139.000,-",Motor Yacht,Bella power boats,9000 Cabin,"Used boat,Diesel",2014,as new,9.12 m,3.35 m,8,2,5,1,GRP,100 l,Yanmar 260 Diesel,260 l,Diesel,180 h,Switzerland » Lake of Zurich » Jona SG,23.05.2020,355
"CHF 139.000,-",Sport Boat,Viper power boats,303,"Used boat,Unleaded",2010,as new,9.80 m,3.00 m,8,2,4,1,Plastic,125 l,Volvo Penta,540 l,Unleaded,200 h,Switzerland » Lake of Zurich » Lachen,06.07.2020,246
"CHF 138.000,-",Motor Yacht,Linssen power boats,372 SX,"Used boat,Diesel",1991,well-groomed,11.50 m,3.70 m,10,2,4,2,Steel,500 l,Cummins Turbo (Permission for Lake of Constance),1000 l,Diesel,1400 h,Switzerland » Lake Constance » Stein am Rhein,30.05.2020,364
"EUR 126.900,-",Sport Boat,Bénéteau power boats,Antares 9,"Used boat,Unleaded",2020,as new,9.50 m,2.95 m,6,2,6,1,GRP,160 l,Suzuki ATX 350,400 l,Unleaded,19 h,Germany » Havel » Brandenburg,06.07.2020,431
"EUR 125.000,-","Cabin Boat,Hardtop",Saga power boats,310 HT,", ,Used boat,Diesel",2009,very good,9.45 m,3.25 m,10,2,4,1,GRP,220 l,Volvo Penta D4 225,420 l,Diesel,700 h,Germany » Konstanz,16.04.2020,239
"EUR 119.000,-",Trawler,Linssen power boats,"Grand Sturdy 29,9 Sedan","Used boat,Diesel",2006,very good,9.35 m,3.35 m,8,1,1,2,Steel,220 l,Volvo Penta D-2,240 l,Diesel,600 h,Germany » Schleswig-Holstein » Kappeln an der Schley,22.05.2020,343
"EUR 119.000,-","Motor Yacht,Sport Boat",Crownline power boats,286 SC mit Geräteträger,", ,Used boat,Unleaded",2017,as new,8.74 m,2.59 m,8,1,1,1,GRP,56 l,Mercruiser 377 MAG Seacore DTS,273 l,Unleaded,50 h,Croatia (Hrvatska) » Rab,14.07.2020,243
"CHF 123.000,-",Sport Boat,Windy power boats,28 ghibli,"Used boat,Diesel",2001,very good,8.40 m,2.65 m,8,1,2,1,GRP,90 l,Volvo Pent KAD 44 (Permission for Lake of Constance),370 l,Diesel,580 h,Switzerland » Lake Constance » Marina Rheinhof,31.05.2020,662
Price on request,"House Boat,Motor Yacht,Trawler",Proficiat power boats,975 G,", ,, ,Used boat,Diesel",1992,as new,9.95 m,3.25 m,12,3,4,1,Steel,100 l,Ford Merlin D1077-46,260 l,Diesel,2100 h,Switzerland » Bielersee » Ipsach (BE),01.07.2020,733
"EUR 110.000,-",Motor Yacht,Polaris power boats,Vedette Hollandaise,"Used boat,Diesel",1992,very good,13.00 m,4.00 m,12,2,4,3,Steel,650 l,Iveco aifo 8061M14,700 l,Diesel,4000 h,France » Mulhouse,30.03.2020,151
"EUR 110.000,-","Flybridge,Motor Yacht",Guy Couach power boats,1402,", ,Used boat,Diesel",1996,very good,14.00 m,4.30 m,10,3,6,2,Plastic,500 l,Detroid,2000 l,Diesel,1270 h,France » Alpes Maritimes » Menton,02.07.2020,240
"EUR 100.000,-",Cabin Boat,Bavaria power boats,42HT,"Used boat,Diesel",2006,good,13.40 m,4.28 m,10,2,5,2,Plastic,400 l,Volvo penta D6 IPS 500,1500 l,Diesel,550 h,Bulgaria » Burgas,17.07.2020,991
"EUR 99.000,-",Flybridge,Schachner power boats,Flagship 38 Fly refited,"Used boat,Diesel",1994,very good,11.50 m,4.00 m,6,2,,2,GRP,500 l,IVECO,1400 l,Diesel,950 h,Izola,10.06.2020,174
"EUR 98.000,-",Motor Yacht,Bavaria power boats,Sport S29,"Used boat,Unleaded",2016,very good,8.50 m,2.99 m,6,2,4,1,GRP,120 l,2x Volvo Penta V6-225 E-A,520 l,Unleaded,277 h,Novi Vinodolski,05.04.2020,317
"EUR 98.000,-",Offshore Boat,Grady White Boats power boats,Marlin 300,"Used boat,Gas",1998,very good,9.50 m,3.30 m,9,1,4,1,GRP,120 l,Yamaha,1100 l,Gas,45 h,Hungary » Hungary,10.07.2020,146
"EUR 92.000,-","Cabin Boat,Classic",Nordic power boats,Cruiser,", ,Used boat,Diesel",2010,very good,7.35 m,2.45 m,8,1,3,,GRP,30 l,Volvo Penta D2 - 55,75 l,Diesel,350 h,Denmark » Oresund » Skovshoved,15.07.2020,281
"EUR 90.000,-",Cabin Boat,,Gozzo planante Di Luccia,"Used boat,Diesel",2017,as new,9.07 m,3.27 m,12,1,4,1,GRP,250 l,YANMAR,590 l,Diesel,110 h,Italy » Campania » SAN MARCO DI CASTELLABATE,06.06.2020,298
"EUR 90.000,-",Motor Yacht,Sessa power boats,Klargo,"Used boat,Unleaded",2014,as new,11.00 m,3.00 m,6,1,1,1,GRP,300 l,Yamaha,700 l,Unleaded,100 h,Italy » Toscana » Punta ala,27.06.2020,111
"EUR 90.000,-",Motor Yacht,Airon Marine power boats,388,"Used boat,Diesel",2006,very good,11.76 m,3.70 m,12,2,6,1,GRP,200 l,2x350 volvo penta duo prop,700 l,Diesel,650 h,Italy » Toscana » punta ala,30.06.2020,203
"EUR 89.500,-",Sport Boat,Cobalt power boats,A 28,"Used boat,Gas",2014,as new,8.68 m,2.59 m,12,,,1,,40 l,8.2L MAG 283 kW – Bravo 3,341 l,Gas,200 h,Poland » Cannes,16.07.2020,259
"EUR 89.000,-",Sport Boat,Windy power boats,Ghibli,"Used boat,Unleaded",2004,very good,8.45 m,2.68 m,8,1,1,1,GRP,80 l,"8,1 Volvo Penta DP",375 l,Unleaded,575 h,Germany » Baden-Württemberg » Süddeutschland,30.05.2020,332
"EUR 88.000,-",Cabin Boat,Storebro power boats,Adler IV,"Used boat,Diesel",1973,very good,10.35 m,3.20 m,10,3,7,1,Wood,250 l,2 x Volvo Penta (Permission for Lake of Constance),400 l,Diesel,380 h,Germany » Lake Constance » Bodensee,29.06.2020,335
"CHF 95.000,-",Flybridge,Nimbus power boats,33 Avanta Fly,"Used boat,Unleaded",1996,very good,10.15 m,3.37 m,12,2,2,1,GRP,150 l,Volvo-Penta 570 A/D,300 l,Unleaded,450 h,Switzerland » Murtensee » Sugiez,20.06.2020,406
"EUR 85.000,-",Flybridge,Raffaelli power boats,Typhoon fly,"Used boat,Diesel",1997,very good,11.40 m,3.76 m,12,2,6,2,GRP,800 l,Caterpillar 3116 TA,1000 l,Diesel,1330 h,France » La Corse » AJACCIO,01.06.2020,397
"EUR 83.000,-",Cabin Boat,Saver power boats,300,"Used boat,Unleaded",2014,well-groomed,9.00 m,2.98 m,4,2,2,1,GRP,120 l,"Mercruiser 5,0 MPi",450 l,Unleaded,140 h,Germany » Bad Saarow,01.07.2020,184
"EUR 80.900,-",Pilothouse,Quicksilver (Brunswick Marine) power boats,755 Weekend,"Used boat,Unleaded",2019,as new,7.40 m,2.85 m,9,2,4,,GRP,80 l,200 PS Mercury (Permission for Lake of Constance),300 l,Unleaded,4 h,Germany » 17438 Wolgast,06.06.2020,244
"EUR 80.000,-",Cabin Boat,Sessa power boats,32S,"Used boat,Diesel",2010,as new,10.00 m,3.00 m,8,1,2,1,Plastic,150 l,2x Volvo Penta 5.7gxi,300 l,Diesel,260 h,Czech Republic » Prague,15.07.2020,870
"EUR 79.000,-","Cabin Boat,Motor Yacht",Bella power boats,9000,", ,Used boat,Diesel",2012,very good,9.10 m,3.30 m,8,2,3,1,GRP,40 l,Steyr 164 Hybrid,260 l,Diesel,380 h,Finland » Tampere,03.07.2020,268
"EUR 79.000,-","Motor Yacht,Sport Boat",Bavaria power boats,30 HT,", ,Used boat,Unleaded",2008,well-groomed,9.60 m,2.98 m,8,1,4,1,GRP,160 l,"Volvo Penta 4,3 GXI",520 l,Unleaded,250 h,"Germany » Deutschland, Rhein Neckar Kreis",08.07.2020,539
"EUR 79.000,-",Flybridge,Carver power boats,406,"Used boat,Diesel",1999,well-groomed,13.68 m,4.10 m,10,2,8,2,GRP,400 l,Cummins,1200 l,Diesel,900 h,Spain » Costa Dorada » Spanien,16.07.2020,341
"EUR 77.500,-",Cabin Boat,Bavaria power boats,28 Sport,"Used boat,Unleaded",2011,very good,8.50 m,2.99 m,8,2,4,1,GRP,100 l,Mercury V8 MCM 5.0 L MPI Bravo III,520 l,Unleaded,395 h,Netherlands » Flevoland » Harderwijk / Holland,06.07.2020,261
"CHF 83.000,-",Motor Yacht,Colombo power boats,Sport 41,"Used boat,Diesel",1989,very good,12.40 m,3.15 m,9,1,1,1,GRP,300 l,Volvo Penta (Permission for Lake of Constance),800 l,Diesel,1050 h,Switzerland » Lake Constance » Kesswil TG,13.04.2020,633
"EUR 75.000,-","Cabin Boat,Motor Yacht",Holland Boat power boats,Atlantic 37,", ,Used boat,Diesel",1989,good,11.40 m,3.70 m,7,2,2,1,GRP,450 l,Cummins CT 6,850 l,Diesel,1400 h,Belgium » Lage-Zwaluwe,01.05.2020,277
"EUR 74.000,-",Motor Yacht,Bavaria power boats,Sport 28,"Used boat,Unleaded",2011,very good,8.95 m,2.95 m,6,2,1,1,GRP,110 l,Mercruiser,520 l,Unleaded,180 h,Croatia (Hrvatska) » insel rab,06.06.2020,120
"EUR 72.000,-",Flybridge,Bayliner power boats,3688 Fly,"Used boat,Diesel",1994,well-groomed,11.00 m,3.70 m,6,2,4,1,GRP,360 l,Mercruiser Hino Turbo Diesel,850 l,Diesel,880 h,Germany » Baden-Württemberg » Mittelrhein,25.06.2020,199
"EUR 72.000,-",Classic,Chris Craft power boats,katalina 33,"Used boat,Diesel",1973,well-groomed,10.30 m,3.90 m,10,2,6,1,GRP,100 l,"Peninsular 6,5 L V8 2005",500 l,Diesel,700 h,Finland » jyväskylä,30.06.2020,143
"EUR 69.900,-",Motor Yacht,Proficiat power boats,Kruiser 1010 GL,"Used boat,Diesel",1997,very good,10.10 m,3.20 m,6,2,6,1,Steel,480 l,Vetus Deutz D4.29,480 l,Diesel,5200 h,Germany » Hamburg,19.06.2020,174
"EUR 69.500,-",Runabout,,FESTIVAL 31,"Used boat,Diesel",2001,very good,9.20 m,2.85 m,8,1,2,,Wood,120 l,YANMAR 4LHA-STE,450 l,Diesel,800 h,France » Provence Alpes » TOULON,15.06.2020,69
"CHF 70.000,-",Pilothouse,Haber power boats,700 MPL Planning boat,"Used boat,Diesel",2016,as new,7.60 m,2.50 m,5,1,3,1,GRP,100 l,Yanmar 4LHA-HTP,100 l,Diesel,85 h,Switzerland » Lake Geneva » Le Bouveret,27.06.2020,401
"EUR 65.000,-",Trawler,Finnlineboats power boats,Belmar,"Used boat,Diesel",1986,very good,8.50 m,3.00 m,6,2,5,1,,65 l,Volvo Penta,220 l,Diesel,300 h,Germany » Oder » Brandenburg,02.06.2020,222
"EUR 63.999,-",Motor Yacht,Innovazioni e Progetti power boats,Mira 34,"Used boat,Diesel",2002,well-groomed,10.60 m,3.54 m,10,2,4,1,GRP,180 l,Volvo Penta KAD 44 EDC DP-E,800 l,Diesel,958 h,Croatia (Hrvatska) » Sukošan,15.06.2020,299
"CHF 68.500,-",Sport Boat,Bavaria power boats,27 Sport,"Used boat,Unleaded",2007,very good,10.00 m,2.60 m,7,1,4,1,GRP,200 l,2 x Volvo Penta 3.5l,500 l,Unleaded,170 h,Switzerland » Lake Geneva » Vidy,06.07.2020,597
"CHF 69.000,-",Motor Yacht,Larson power boats,857 Cabrio,"Used boat,Unleaded",2013,well-groomed,8.57 m,2.68 m,10,2,4,1,GRP,72 l,Mercruiser 350MAG MPI Bravo 3 Katalysator,318 l,Unleaded,390 h,Switzerland » CH,16.07.2020,665
"CHF 69.000,-",Cabin Boat,Faeton power boats,Morgara 790,"Used boat,Diesel",2014,very good,8.30 m,2.94 m,8,1,,1,GRP,60 l,Yanmar 6BY-220 HP,300 l,Diesel,132 h,Switzerland » Murtensee » Sugiez Bootshalle,19.07.2020,444
"EUR 63.000,-","Cabin Boat,Hardtop",,DC 9s,", ,Used boat,Diesel",2004,very good,10.57 m,3.08 m,10,2,6,1,GRP,200 l,Yanmar,600 l,Diesel,1300 h,France » Méditerranée » marines de cogolin,16.07.2020,128
"EUR 62.800,-",Sport Boat,Crownline power boats,SC 266 Bodensee,"Used boat,Unleaded",2010,very good,7.50 m,2.59 m,7,1,1,1,Plastic,80 l,Mercury 350 mpi (Permission for Lake of Constance),240 l,Unleaded,148 h,bodensee,19.07.2020,652
"EUR 61.500,-",Sport Boat,Bayliner power boats,325 SB,"Used boat,Unleaded",2005,well-groomed,10.69 m,3.49 m,10,2,4,1,GRP,110 l,"5,7 MPI",800 l,Unleaded,550 h,Netherlands » Gelderland » lathum,11.07.2020,329
"EUR 61.000,-",Sport Boat,Sessa power boats,C30,"Used boat,Unleaded",2006,very good,9.50 m,3.45 m,8,2,4,1,GRP,100 l,Volvo Penta GXI 4.3,500 l,Unleaded,500 h,Spain » Costa Brava » Port d'Aro- Girona,18.07.2020,335
"CHF 65.000,-","Cabin Boat,House Boat",,Atelier Naval De Ruiter Cruiser,", ,Used boat,Diesel",1977,well-groomed,11.70 m,3.25 m,10,3,6,1,Steel,400 l,Yanmar 4 JH2-UTBE,400 l,Diesel,470 h,Switzerland » Neuenburgersee » Chevroux,08.07.2020,1'449
"EUR 60.000,-",Flybridge,Neptunus power boats,neptunes 131,"Used boat,Diesel",1976,good,13.10 m,4.00 m,7,2,7,1,Plastic,1000 l,2x volvo200pk,1600 l,Diesel,4200 h,Netherlands » Nordbrabant » veen,08.06.2020,173
"EUR 58.000,-",Motor Yacht,Sessa power boats,Oyster 30,"Used boat,Diesel",2003,very good,9.75 m,3.00 m,8,2,,1,,120 l,Volvo Penta 2 X 175 HP KAD 32,400 l,Diesel,800 h,Italy » Friuli Venezia Giulia » PORTO SAN ROCCO - MUGGIA (TRIESTE),01.06.2020,187
"EUR 58.000,-",Motor Yacht,Tecnomarine power boats,C 42 - Deutsche Flagge,"Used boat,Diesel",1989,good,12.80 m,4.00 m,10,1,4,1,GRP,400 l,2x G. M. MOD. 6V53 400 HP,1200 l,Diesel,850 h,Italy » Sicilia » Palermo,22.06.2020,307
"EUR 58.000,-",Motor Yacht,Bella power boats,Falcon 26 Fantino,"Used boat,Diesel",2001,very good,8.25 m,2.60 m,8,2,2,1,GRP,50 l,Volvo Penta D3 Bj. 2007,245 l,Diesel,1000 h,Germany » Lake Constance » Radolfzell,07.07.2020,478
"EUR 58.000,-","Cabin Boat,Flybridge",Altair power boats,"8,60 CR Fly",", ,Used boat,Diesel",2008,very good,8.60 m,3.00 m,10,2,2,1,GRP,100 l,2 Yanmar 4BY2 180 hp cad.,480 l,Diesel,725 h,Italy » Sardegna » SantaTeresa Gallura,12.07.2020,177
"CHF 62.000,-",Flybridge,Princess power boats,315 Fly,"Used boat,Unleaded",1990,very good,9.39 m,3.40 m,15,1,4,1,GRP,200 l,Volvo Penta,500 l,Unleaded,1100 h,Switzerland » Vierwaldstättersee » Sisikon,08.06.2020,660
"EUR 55.000,-","Center console boat,Sport Boat",White Shark power boats,285,", ,Used boat,Unleaded",2008,good,8.99 m,2.96 m,12,1,2,,GRP,80 l,F200XL Verado x 2,600 l,Unleaded,400 h,Calanova Mallorca,03.06.2020,159
"EUR 55.000,-",Motor Yacht,Crownline power boats,315 SCR,"Used boat,Unleaded",2008,very good,9.80 m,2.90 m,9,1,1,1,GRP,80 l,2X 350 mpi,500 l,Unleaded,650 h,Italy » Veneto » Gardasee,04.06.2020,352
"CHF 59.000,-","Cabin Boat,Classic,Motor Yacht",Storebro power boats,Royal Cruiser Biscay 31,", ,, ,Used boat,Diesel",1983,very good,9.30 m,3.20 m,10,3,3,1,GRP,230 l,2 Volvo Penta TMD40A,650 l,Diesel,1200 h,"Switzerland » Lake of Zurich » Pfäffikon/ZH, Hurdnerwäldli",11.07.2020,1'054
"EUR 54.900,-",Center console boat,Kelt power boats,White shark,"Used boat,Unleaded",2006,well-groomed,8.05 m,2.80 m,9,1,2,,GRP,50 l,Yamaha,400 l,Unleaded,470 h,France » Sud-Ouest » Cap Ferret,18.07.2020,137
"CHF 59.000,-",Flybridge,Bayliner power boats,3888,"Used boat,Diesel",1994,well-groomed,11.72 m,4.10 m,12,3,6,2,GRP,333 l,2x HINO EH 700 - 130 kw,1150 l,Diesel,1100 h,Switzerland » Murtensee » Faoug,09.04.2020,526
"CHF 58.000,-",Motor Yacht,Bavaria power boats,29 Sport,"Used boat,Unleaded",2006,well-groomed,9.30 m,2.98 m,8,2,4,1,GRP,110 l,(Permission for Lake of Constance),500 l,Unleaded,670 h,Avenches,22.05.2020,917
"EUR 53.000,-",Motor Yacht,De Groot power boats,Ibiza 43V,"Used boat,Diesel",1967,well-groomed,13.80 m,3.65 m,6,2,4,1,Steel,700 l,2 X DAF 575M 105 HP,900 l,Diesel,7200 h,Belgium » THIEU (hainaut),01.07.2020,232
"CHF 55.555,-",Sport Boat,Skibsplast power boats,685 selected,"Used boat,Unleaded",2008,well-groomed,6.85 m,2.49 m,8,2,2,1,GRP,45 l,1 x 225 HP / 165 kW,150 l,Unleaded,460 h,Switzerland » Bielersee » Täuffelen,27.05.2020,370
"CHF 55.000,-",Cabin Boat,Fairline power boats,TARGA 33,"Used boat,Unleaded",1990,very good,10.04 m,3.42 m,10,2,2,1,GRP,200 l,2x 5.7 V8 Volvo Penta,600 l,Unleaded,500 h,Switzerland » Altendorf SZ,06.07.2020,1'386
"EUR 49.900,-",Motor Yacht,Monterey power boats,270 CR,"Used boat,Unleaded",2006,well-groomed,9.00 m,2.59 m,9,1,4,1,GRP,120 l,"Volvo 5,7 L GX Duo Prop",300 l,Unleaded,200 h,Heilbronn,22.05.2020,301
"EUR 49.900,-","Motor Yacht,Trawler",,Stavo Kruiser,", ,Used boat,Diesel",1987,well-groomed,10.50 m,3.50 m,8,1,6,,Steel,200 l,BMC Ford,200 l,Diesel,3100 h,Netherlands » Limburg » Wessem,04.06.2020,216
"EUR 49.900,-","Cabin Boat,Fishing Boat,Pilothouse",Quicksilver (Brunswick Marine) power boats,Pilothouse 675,", ,, ,Used boat,Unleaded",2016,very good,6.55 m,2.54 m,7,1,2,,GRP,35 l,Mercury,200 l,Unleaded,320 h,Germany » Schleswig-Holstein » Schlei,22.06.2020,214
"EUR 49.000,-",Classic,Colombo power boats,Antibes 27,"Used boat,Unleaded",2009,as new,8.20 m,2.50 m,10,1,2,,Plastic,200 l,"2x mercruiser 5,7",500 l,Unleaded,700 h,Netherlands » Gelderland » horst,14.07.2020,235
"CHF 52.000,-",Motor Yacht,Fjord power boats,FJORD DOLHIN 900,"Used boat,Unleaded",1998,well-groomed,9.00 m,3.16 m,13,2,4,1,GRP,150 l,Volvo Penta 570 Dp,400 l,Unleaded,990 h,"Switzerland » Lake of Zurich » Jona, Stampf Hafen",15.06.2020,204
"CHF 52.000,-",Cabin Boat,Draco power boats,2900 S,"Used boat,Unleaded",1989,very good,9.00 m,3.12 m,12,3,5,1,Carbon Fiber,400 l,2 moteurs volvo penta de 174.5chevaux chaque,480 l,Unleaded,300 h,Switzerland » societe nautique de geneve uniquement pour menbre,14.07.2020,380
"EUR 47.800,-",Motor Yacht,Princess power boats,385,"Used boat,Diesel",1987,well-groomed,11.60 m,3.96 m,12,2,6,2,GRP,400 l,Volvo,1000 l,Diesel,780 h,Croatia (Hrvatska) » Simuni,12.06.2020,385
"EUR 47.500,-","Cabin Boat,Pilothouse",Bénéteau power boats,Antares 780,", ,Used boat,Unleaded",2016,very good,7.40 m,2.85 m,6,2,4,,GRP,100 l,Yamaha,200 l,Unleaded,100 h,France » Languedoc Roussillon » Cap d`Agde,31.05.2020,269
"EUR 47.500,-",Motor Yacht,Rinker power boats,280,"Used boat,Unleaded",2008,well-groomed,9.14 m,2.78 m,8,1,4,1,GRP,160 l,"Volvo Penta, Gi Power: 420 hp",380 l,Unleaded,620 h,Croatia (Hrvatska) » Rab Marina,08.07.2020,254
"EUR 47.500,-",Bowrider,Regal power boats,2520,"Used boat,Unleaded",2009,well-groomed,8.50 m,2.30 m,7,1,,,GRP,50 l,Volvo Penta,80 l,Unleaded,331 h,Netherlands » Limburg » Stevensweert,20.07.2020,320
"EUR 46.000,-",Motor Yacht,,curtevenne,"Used boat,Diesel",1989,very good,9.65 m,3.15 m,3,1,1,,Steel,230 l,Timray 58PK,200 l,Diesel,280 h,Belgium » Leopoldsburg,04.06.2020,211
"EUR 45.000,-","Cabin Boat,Motor Yacht,Sport Boat",Four Winns power boats,Bayliner 285,", ,, ,Used boat,Unleaded",2003,well-groomed,8.70 m,2.60 m,10,2,4,1,Plastic,50 l,Mercruiser 350 Magnum MPI,320 l,Unleaded,400 h,Netherlands » Gelderland » Maurik,26.06.2020,381
"EUR 45.000,-",Cabin Boat,Yachtwerft Berlin power boats,Barkasse,"Used boat,Diesel",1912,for tinkers,15.00 m,3.50 m,10,2,4,1,Steel,200 l,MWM,500 l,Diesel,1000 h,Germany » Brandenburg » Rüdersdorf,01.07.2020,444
"EUR 45.000,-","Center console boat,Fishing Boat,Sport Boat",Boston Whaler power boats,Outrage 25,", ,, ,Used boat,Unleaded",1987,as new,7.52 m,2.44 m,8,,,,GRP,80 l,Mercury,600 l,Unleaded,130 h,Italy » Liguria » Genova,07.07.2020,208
"EUR 45.000,-","Fishing Boat,Flybridge,Trawler",Bénéteau power boats,antares 9,", ,, ,Used boat,Diesel",2004,very good,9.25 m,3.10 m,8,1,4,1,GRP,100 l,volvo,400 l,Diesel,630 h,Italy » Abruzzo - Molise » pescara,07.07.2020,389
"EUR 45.000,-",Motor Yacht,Maxum power boats,,"Used boat,Unleaded",2008,as new,7.49 m,2.55 m,8,1,1,1,Plastic,100 l,Mercruiser V8 5.0 liter 260PK,250 l,Unleaded,230 h,Belgium » Izegem,11.07.2020,341
"EUR 42.000,-",Fishing Boat,Tiara power boats,Pursuit 2700 open,"Used boat,Unleaded",1990,well-groomed,9.60 m,3.00 m,8,1,,1,GRP,80 l,2 x 260 HP / 191 kW,600 l,Unleaded,1600 h,Italy » Veneto » Porto Levante,07.06.2020,170
"CHF 45.000,-","Motor Yacht,Sport Boat",Sea Ray power boats,280 Sundancer,", ,Used boat,Unleaded",1995,well-groomed,8.53 m,3.20 m,8,2,2,1,GRP,100 l,Mercruiser 5.7 KL,400 l,Unleaded,945 h,Switzerland » Bielersee » Nidau,09.07.2020,513
"EUR 41.000,-",Trawler,Menorquin power boats,43,"Used boat,Unleaded",1988,as new,8.16 m,2.80 m,6,1,4,1,GRP,150 l,Nissan 65 cv dos motores,200 l,Unleaded,600 h,espa?a,08.06.2020,258
"EUR 40.000,-",Motor Yacht,VZ Cantiere Nautico power boats,"Vizianello 15,5mt","Used boat,Diesel",1981,good,15.50 m,4.70 m,10,4,,3,Wood,1000 l,MAN HAF 450CV TD,2000 l,Diesel,1600 h,Italy » Veneto » Chioggia,11.05.2020,636
"EUR 40.000,-",Motor Yacht,Larson power boats,290 Cabrio,"Used boat,Unleaded",2004,well-groomed,8.38 m,2.70 m,8,1,4,1,GRP,150 l,"Mercruiser 5,7l V8",280 l,Unleaded,200 h,Austria » Donau » Wien,08.06.2020,256
"EUR 40.000,-",Motor Yacht,Fjord power boats,39 Ibiza,"Used boat,Diesel",1994,well-groomed,12.00 m,3.49 m,12,3,4,1,GRP,300 l,Volvo Penta 42 KAD,450 l,Diesel,1090 h,Kroatien Krk,13.07.2020,457
"EUR 39.500,-","Cabin Boat,Hardtop,Sport Boat",Bazzerla power boats,BAZZERLA BASIC 920 T TOP NATANTE,", ,, ,Used boat,Unleaded",2006,very good,9.20 m,2.90 m,4,1,4,1,GRP,120 l,VOLVO PENTA 8.2 GSI DUOPROP BENZ,420 l,Unleaded,670 h,Italy » Veneto » PESCHIERA DEL GARDA,04.04.2020,461
"USD 45.000,-","Classic,Motor Yacht,Sport Boat",Bayliner power boats,320,", ,, ,Used boat,Unleaded",2008,good,10.00 m,3.00 m,10,2,2,1,GRP,160 l,2x Mercruiser 260 MPI,600 l,Unleaded,450 h,Thailand » Ao Po Grand Marina,16.05.2020,596
"EUR 38.000,-",Sport Boat,Bayliner power boats,742 CUDDY,"Used boat,Unleaded",2015,as new,7.47 m,2.51 m,8,1,1,1,,50 l,MERCRUISER 5.0 260hp,196 l,Unleaded,80 h,Spain » TARRAGONA,20.07.2020,422
"EUR 37.500,-",Sport Boat,Sealine power boats,S23,"Used boat,Diesel",2003,well-groomed,7.62 m,2.49 m,4,2,2,1,GRP,120 l,VOLVO KAD32,229 l,Diesel,600 h,Germany » Rhein » Wiesbaden,17.07.2020,371
"CHF 39.500,-",Cabin Boat,ACM Dufour power boats,ACM 26 Héritage,"Used boat,Diesel",2000,very good,7.73 m,2.58 m,8,2,4,1,GRP,65 l,volvo TAMD 2022 P,200 l,Diesel,1280 h,Switzerland » Lake Geneva » Founex,16.06.2020,441
"EUR 36.500,-",Motor Yacht,Marine Projects power boats,princess 33 fly,"Used boat,Diesel",1987,well-groomed,9.90 m,3.60 m,8,2,6,1,GRP,200 l,2 x volvo penta TAM 41,600 l,Diesel,1164 h,"Slovenia » isola,slowenien",17.06.2020,346
"EUR 36.000,-",Pilothouse,Parker power boats,660 pilothouse,"Used boat,Unleaded",2014,as new,6.60 m,2.50 m,7,1,,,Plastic,40 l,mercury 150 pk 4 stroke,140 l,Unleaded,459 h,Netherlands » Flevoland » Dronten,21.06.2020,134
"EUR 36.000,-",Cabin Boat,De Groot power boats,BEACHCRAFT,"Used boat,Diesel",1974,well-groomed,11.00 m,3.25 m,8,1,6,1,Steel,400 l,DAF,400 l,Diesel,2900 h,France » Rhône-Alpes » BRIENNON 42,01.07.2020,150
"EUR 36.000,-","Cabin Boat,Flybridge,Motor Yacht",Marine Projects power boats,Princess 33,", ,, ,Used boat,Diesel",1988,well-groomed,12.20 m,3.40 m,6,1,4,1,GRP,500 l,2 mal Volvo Penta KAT 42 P,500 l,Diesel,600 h,Germany » Bayern » Kroatien,13.07.2020,475
"CHF 38.500,-",Sport Boat,Chaparral power boats,2335 Sport,"Used boat,Unleaded",1998,as new,7.50 m,2.59 m,8,1,1,,GRP,100 l,Volvo Penta 5.8 FSI,200 l,Unleaded,500 h,Switzerland » Bielersee » Biel,19.06.2020,870
"EUR 35.000,-","Classic,Hardtop,Motor Yacht",Storebro power boats,Royal Cruiser 31,", ,, ,Used boat,Diesel",1987,very good,9.30 m,3.20 m,6,2,6,1,GRP,300 l,Volvo Penta TAMD 40 B,600 l,Diesel,1400 h,Italy » Sardegna » Stintino,23.06.2020,317
"EUR 35.000,-",Cabin Boat,Jeanneau power boats,leader 805,"Used boat,Unleaded",2005,well-groomed,7.49 m,2.95 m,6,1,4,1,Plastic,100 l,volvo 5.7 GXI DP,300 l,Unleaded,700 h,France » La ROCHELLE,26.06.2020,245
"EUR 35.000,-",Motor Yacht,Drago Boats power boats,601 Wide Beam,"Used boat,Unleaded",2016,as new,5.95 m,2.28 m,6,1,2,,Plastic,50 l,Honda BF 135,140 l,Unleaded,351 h,Katwijk,05.07.2020,198
"EUR 35.000,-",Cabin Boat,Manò power boats,Mano Marine 28.5,"Used boat,Gas",2006,good,9.60 m,3.20 m,10,2,4,1,GRP,200 l,2x volvo penta 4.3 duo prop,450 l,Gas,875 h,Croatia (Hrvatska) » Donau » Vis island,15.07.2020,421
"EUR 33.600,-",Sport Boat,Orca power boats,840 YANMAR EJE PESCA PASEO,"Used boat,Diesel",2006,as new,7.48 m,2.70 m,8,1,2,1,GRP,100 l,YANMAR DE 260 CV CON EJE,400 l,Diesel,1585 h,Spain » Costa Norte (Galicia) » Sada,09.05.2020,236
"CHF 36.000,-",Sport Boat,Correct Craft power boats,Super Sport 210,"Used boat,Unleaded",2005,well-groomed,6.40 m,2.31 m,9,,,,GRP,400 l,"Pleasure craft 5,7 LEFI",400 l,Unleaded,2019 h,Switzerland » Lago Maggiore » Ticino,17.07.2020,1'834
"CHF 36.000,-",Cabin Boat,Quicksilver power boats,640 Weekend,"Used boat,Unleaded",2011,very good,8.00 m,2.50 m,6,1,4,,Plastic,60 l,Mercury Verado,130 l,Unleaded,220 h,Switzerland » Neuenburgersee » Bevaix,05.07.2020,799
"EUR 32.900,-","Fishing Boat,Pilothouse",,SEEDAY 25 SPORT FISCH,", ,Used boat,Diesel",2006,very good,8.70 m,2.50 m,6,1,1,1,GRP,50 l,2 Volvo Penta,300 l,Diesel,480 h,Italy » Lazio » roma,09.07.2020,207
"CHF 35.000,-","Cabin Boat,Motor Yacht",Sea Ray power boats,Express Cruiser SRV300,", ,Used boat,Unleaded",1981,well-groomed,9.05 m,3.50 m,10,1,4,1,GRP,200 l,2 x Mercruiser MIE,500 l,Unleaded,1458 h,Switzerland » Neuenburgersee » Auvernier (NE),03.05.2020,414
"CHF 35.000,-",Cabin Boat,Bayliner power boats,Capri 2352,"Used boat,Unleaded",2003,well-groomed,7.26 m,2.54 m,9,1,1,1,Plastic,100 l,Mercruiser 350 mag,350 l,Unleaded,700 h,Switzerland » Bielersee » Neuveville,09.07.2020,488
"CHF 35.000,-",Hardtop,Princess power boats,37,"Used boat,Diesel",1979,good,11.12 m,3.88 m,12,2,5,2,GRP,400 l,Ford,800 l,Diesel,2150 h,Switzerland » Neuenburgersee » Hauterive,14.07.2020,2'432
"EUR 32.000,-",Cabin Boat,Nadirmarine power boats,Eolo 710 cruiser,"Used boat,Unleaded",2011,very good,7.50 m,2.50 m,7,2,,1,GRP,80 l,Mercruiser 250hp,250 l,Unleaded,195 h,Italy » Toscana » Follonica,26.05.2020,586
"EUR 31.000,-","Cabin Boat,Motor Yacht,Sport Boat",Crownline power boats,290 CR,", ,, ,Used boat,Unleaded",1999,well-groomed,8.89 m,3.15 m,8,2,2,1,GRP,200 l,2 Mercruiser 350 Magnum MPI,600 l,Unleaded,610 h,Croatia (Hrvatska) » Rab,29.06.2020,502
"EUR 31.000,-",House Boat,,Stahlverdränger,"Used boat,Diesel",1975,good,11.50 m,3.20 m,6,1,3,1,Steel,345 l,Sole Diesel Mini74,120 l,Diesel,898 h,Germany » Baden-Württemberg » Kehl,30.06.2020,419
"£ 25.000,-","Cabin Boat,Fishing Boat",Bénéteau power boats,Antares,", ,Used boat,Diesel",2008,well-groomed,7.20 m,2.59 m,6,1,1,1,GRP,20 l,Yanmar,200 l,Diesel,300 h,United Kingdom » Port Solent,01.06.2020,294
"EUR 27.000,-",Sport Boat,Bruno Abbate power boats,primatist 32,"Used boat,Diesel",1992,good,9.30 m,2.90 m,8,2,4,1,GRP,200 l,volvo penta,400 l,Diesel,800 h,Italy » Veneto » a Venezia,19.05.2020,259
"EUR 27.000,-",Bowrider,Quicksilver (Brunswick Marine) power boats,ACTIV 605 OPEN,"Used boat,Unleaded",2017,as new,6.12 m,2.40 m,7,,,,GRP,45 l,MERCURY F 115 XLPT EFI,160 l,Unleaded,28 h,Germany » Baden-Württemberg » Castellon de la Plana Spanien,24.05.2020,231
"CHF 29.000,-",Center console boat,Quicksilver power boats,Activ 605 Open,"Used boat,Unleaded",2013,very good,5.75 m,2.34 m,7,,,,Plastic,45 l,Mercury Verado 150 XL,160 l,Unleaded,170 h,Switzerland » Lake Geneva » Versoix,07.06.2020,773
"EUR 26.500,-","Cabin Boat,Sport Boat",Rio power boats,850 Cruiser,", ,Used boat,Unleaded",1996,well-groomed,8.95 m,2.70 m,8,2,4,1,GRP,180 l,"Mercruiser 7,4 L V8 Bravo III Duoprop",220 l,Unleaded,580 h,Germany » Mecklenburg-Vorpommern » Malchow,02.06.2020,270
"EUR 25.000,-",Cabin Boat,Rio Iberica power boats,700 cruiser,"Used boat,Unleaded",2005,well-groomed,7.65 m,2.55 m,7,1,3,1,Carbon Fiber,100 l,Volvo penta 4.3 225CV,200 l,Unleaded,500 h,France » Rhône-Alpes » Evian les Bains,27.05.2020,191
"EUR 25.000,-",Cabin Boat,Bayliner power boats,Ciera Sunbridge 2855 ST,"Used boat,Unleaded",1999,good,9.00 m,3.00 m,10,1,3,1,GRP,125 l,Chevrolet ZZ 4,413 l,Unleaded,260 h,Finland » Vääksy,08.06.2020,423
"EUR 25.000,-",Sport Boat,Sunseeker power boats,Hawk 27,"Used boat,Unleaded",1992,very good,8.20 m,2.70 m,9,1,,,GRP,75 l,2 X Volvo Penta 570 DP,320 l,Unleaded,683 h,Croatia (Hrvatska) » Punat,22.06.2020,336
"EUR 25.000,-",Flybridge,Fairline power boats,corniche 31 fly,"Used boat,Diesel",1994,very good,9.90 m,3.50 m,8,1,1,1,GRP,400 l,volvo penta,500 l,Diesel,1290 h,Italy » Sardegna » la maddalena,06.07.2020,746
"EUR 25.000,-",Cabin Boat,Viking (GB) power boats,Viking 24,"Used boat,Unleaded",2006,well-groomed,7.42 m,2.45 m,5,2,4,1,GRP,100 l,TOHATSU 30 CV,130 l,Unleaded,1500 h,France » 80550 LE CROTOY à terre sur remorque,10.07.2020,160
"EUR 25.000,-",Fishing Boat,Bayliner power boats,2302 WC,"Used boat,Unleaded",2006,well-groomed,7.00 m,2.50 m,9,1,3,1,,50 l,honda 225 cv 4 temps,450 l,Unleaded,700 h,France » Côte d'Azur » giens,20.07.2020,358
"EUR 24.900,-",Motor Yacht,Bayliner power boats,2655 Cierra Preis,"Used boat,Unleaded",1997,very good,8.45 m,2.56 m,8,1,2,1,GRP,80 l,Mercruiser V8,280 l,Unleaded,380 h,Croatia (Hrvatska) » Zadar,10.07.2020,527
"EUR 24.000,-",Cabin Boat,Gibert Marine power boats,GIB84,"Used boat,Diesel",1991,very good,8.50 m,3.00 m,5,1,2,1,Plastic,100 l,volvo 240cv turbo,200 l,Diesel,2000 h,France » Bretagne » kernavel,08.07.2020,219
"CHF 25.000,-",Motor Yacht,Draco power boats,3000,"Used boat,Unleaded",1984,very good,9.50 m,3.14 m,13,2,2,1,GRP,200 l,Volvo Penta,500 l,Unleaded,1600 h,Switzerland » Vierwaldstättersee » Alpnach,08.07.2020,340
"CHF 24.900,-","Motor Yacht,Sport Boat",Tullio Abbate power boats,Sea Star Super,", ,Used boat,Unleaded",1990,very good,7.85 m,2.26 m,6,1,,,GRP,100 l,Volvo Penta 5.7 (Permission for Lake of Constance),220 l,Unleaded,850 h,Switzerland » Lake Constance » Horn TG,30.06.2020,605
"EUR 22.500,-",Cabin Boat,Regal power boats,Valanti,"Used boat,Unleaded",1992,very good,8.80 m,2.80 m,8,1,1,1,GRP,110 l,Volvo Penta 431 DP,420 l,Unleaded,780 h,Austria » Wörthersee » MARINA PUNAT KROATIA,08.07.2020,263
"EUR 21.500,-",Cabin Boat,Schweizer power boats,Saphir 750 Cabin,"Used boat,Diesel",1986,well-groomed,7.00 m,2.45 m,6,1,,,GRP,50 l,Volvo Penta AQAD 30 DP (Permission for Lake of Constance),100 l,Diesel,1048 h,Germany » Baden-Württemberg » Moos am Bodensee,08.07.2020,281
"EUR 21.500,-",Cabin Boat,Bénéteau power boats,ANTARES 650 HB,"Used boat,Unleaded",2007,very good,6.21 m,2.47 m,6,1,2,,Carbon Fiber,50 l,90,150 l,Unleaded,245 h,France » Poitou Charentes » PORT DES BARQUES,08.07.2020,141
"EUR 20.500,-",Cabin Boat,,zwaluwkruiser,"Used boat,Diesel",1974,well-groomed,10.50 m,3.20 m,4,1,2,1,Steel,200 l,Daf 575,200 l,Diesel,3824 h,Belgium » Luik,26.06.2020,383
"EUR 20.000,-",Cabin Boat,Viking power boats,V 20 S 03,"Used boat,Unleaded",2009,very good,6.10 m,2.24 m,6,1,4,1,GRP,80 l,Jamaha F 50 FETL-B,50 l,Unleaded,323 h,Germany » Stolpsee,07.07.2020,342
"EUR 20.000,-",Sport Boat,Ilver power boats,30 day,"Used boat,Diesel",1985,well-groomed,9.90 m,3.30 m,8,1,4,1,GRP,250 l,2 volvopenta,500 l,Diesel,880 h,Italy » Liguria » le grazie sp,13.07.2020,273
"CHF 19.900,-",Motor Yacht,Scand power boats,26 HK,"Used boat,Unleaded",1986,good,7.80 m,2.59 m,8,1,2,1,GRP,70 l,Volvo Penta Typ AQ 260,240 l,Unleaded,1960 h,Switzerland » Lake of Zurich » 8853 Lachen,13.07.2020,628
"CHF 19.700,-","Cabin Boat,Fishing Boat,House Boat",Selje power boats,Saga24 - fifty,", ,, ,Used boat,Diesel",1977,very good,7.25 m,2.53 m,7,2,2,1,GRP,100 l,Volvo-Penta,250 l,Diesel,2250 h,Switzerland » Lake Geneva » Vevey,13.07.2020,475
"EUR 17.900,-",Flybridge,Caravelle power boats,288Fly,"Used boat,Unleaded",1979,very good,9.60 m,3.00 m,10,2,2,1,GRP,200 l,2xMercruiser V8,600 l,Unleaded,150 h,Donau » Aschach,14.06.2020,355
"EUR 17.000,-",Center console boat,,"OPEN 6,6 MT","Used boat,Unleaded",2000,good,6.70 m,2.40 m,6,,,,GRP,60 l,SELVA 100 CV,110 l,Unleaded,150 h,Italy » Lazio » TERRACINA,04.06.2020,245
"CHF 18.000,-","Cabin Boat,Classic,Motor Yacht",Scand power boats,7800 Tropic,", ,, ,Used boat,Diesel",1989,very good,7.80 m,2.85 m,8,1,4,1,GRP,100 l,Volvo Penta,305 l,Diesel,750 h,Switzerland » Lago Maggiore » Locarno,22.06.2020,866
"CHF 18.000,-",Offshore Boat,Schweizer Bateaux power boats,Saphir 810,"Used boat,Unleaded",1989,very good,8.60 m,2.30 m,7,1,2,,GRP,10 l,"Mercruiser, Magnum 350",300 l,Unleaded,1479 h,Switzerland » Lake of Zurich » Marine Motoren GmbH,31.05.2020,586
"CHF 18.000,-","Motor Yacht,Sport Boat",Rio power boats,650 Cruiser,", ,Used boat,Unleaded",2000,very good,6.40 m,2.34 m,6,,,,GRP,70 l,Mercruiser 4.3 Liter,180 l,Unleaded,530 h,Switzerland » Küssnacht am Rigi,13.07.2020,990
"EUR 16.500,-","Classic,Motor Yacht",Sea Ray power boats,"Sundancer 8,5 meter,goed onderhouden !",", ,Used boat,Unleaded",1988,well-groomed,8.60 m,2.50 m,8,2,2,1,GRP,80 l,Mercruiser benzine motor,220 l,Unleaded,1307 h,Netherlands » Limburg » Roermond,06.07.2020,456
"EUR 16.000,-","Cabin Boat,Sport Boat,Water ski",Cranchi power boats,700,", ,, ,Used boat,Unleaded",1992,very good,7.50 m,2.50 m,6,,1,,GRP,80 l,Volvo Penta,200 l,Unleaded,700 h,Germany » Bayern » Dietersburg,13.07.2020,341
"EUR 15.900,-","Motor Yacht,Trawler",Formula power boats,PC 29 Power Cruiser,", ,Used boat,Unleaded",1989,well-groomed,10.30 m,3.25 m,8,3,4,1,GRP,200 l,Mercruiser V8 Benziner,600 l,Unleaded,850 h,Spain » Costa Brava » Empuriabrava,02.06.2020,527
"CHF 16.900,-","Cabin Boat,Flybridge",Draco power boats,2500 TC,", ,Used boat,Unleaded",1984,well-groomed,7.55 m,2.80 m,8,2,5,1,GRP,100 l,2 x Mercruiser 3.0 L,300 l,Unleaded,465 h,Switzerland » Vierwaldstättersee » Priv. Halle auf Anhänger,10.04.2020,384
"CHF 14.900,-",Motor Yacht,Bayliner power boats,BAYLINER-2655 SB CIERA,"Used boat,Unleaded",1992,well-groomed,7.70 m,2.46 m,8,1,4,1,Plastic,75 l,MERCRUISER 5.7 V8 ALPHA ONE,272 l,Unleaded,600 h,Switzerland » Le Landeron (NE),18.06.2020,3'263
"EUR 13.300,-",Cabin Boat,Windy power boats,24 MC MidCabin,"Used boat,Unleaded",1980,good,7.40 m,2.80 m,6,2,4,1,GRP,60 l,Volvo Penta AQ260A/280,160 l,Unleaded,1780 h,Germany » Mainz-Kostheim,15.06.2020,525
"CHF 14.000,-",Cabin Boat,Windy power boats,Funcab,"Used boat,Unleaded",1985,well-groomed,7.45 m,2.72 m,8,1,1,1,GRP,100 l,Volvo Penta AQ260A,300 l,Unleaded,990 h,Switzerland » Neuenburgersee » Cevroux,19.07.2020,713
"EUR 10.000,-",Center console boat,,Open 22 Central Consolle,"Used boat,Unleaded",2003,very good,6.50 m,,6,1,,,GRP,80 l,Mercury,160 l,Unleaded,500 h,Italy » Liguria » Sestri Levante,07.07.2020,324
"EUR 8.500,-",Cabin Boat,Seaswirl power boats,Striper 2150 WA,"Used boat,Unleaded",1997,well-groomed,6.70 m,2.30 m,6,1,2,1,GRP,45 l,Volvo Penta,245 l,Unleaded,400 h,Italy » Sardegna » Rimessaggio Fertilia,05.07.2020,498
"CHF 8.000,-",Motor Yacht,Fjord power boats,21 HT cabin,"Used boat,Diesel",1973,very good,6.45 m,2.37 m,8,1,1,,Plastic,40 l,Volvo D1-20,50 l,Diesel,35 h,Lake Geneva » Founex,09.07.2020,628